{"cameraMode":{"drawMode":0,"name":"Shaded","section":"Shading Mode"},"sceneLighting":true,"audioPlay":false,"sceneViewState":{"showFog":true,"showMaterialUpdate":false,"showSkybox":false,"showFlares":true,"showImageEffects":true,"showParticleSystems":true},"in2DMode":false,"pivot":{"x":-0.06432754546403885,"y":-0.14052411913871766,"z":-0.6213570237159729},"rotation":{"x":-0.10791892558336258,"y":-0.8916152119636536,"z":0.2952831983566284,"w":-0.3258620798587799},"size":1.3856406211853028,"orthographic":false}