{"cameraMode":{"drawMode":0,"name":"Shaded","section":"Shading Mode"},"sceneLighting":false,"audioPlay":false,"sceneViewState":{"showFog":true,"showMaterialUpdate":false,"showSkybox":false,"showFlares":true,"showImageEffects":true,"showParticleSystems":true},"in2DMode":false,"pivot":{"x":5.940919399261475,"y":0.799999475479126,"z":-4.280245780944824},"rotation":{"x":-0.29867371916770937,"y":-0.006588185206055641,"z":0.002061309525743127,"w":-0.9543315172195435},"size":1.3856408596038819,"orthographic":false}