{"cameraMode":{"drawMode":0,"name":"Shaded","section":"Shading Mode"},"sceneLighting":true,"audioPlay":false,"sceneViewState":{"showFog":true,"showMaterialUpdate":false,"showSkybox":true,"showFlares":true,"showImageEffects":true,"showParticleSystems":true},"in2DMode":false,"pivot":{"x":-0.9744794368743897,"y":-172.59510803222657,"z":201.09600830078126},"rotation":{"x":-0.34693238139152529,"y":0.007593353744596243,"z":-0.002810490084812045,"w":-0.9378569722175598},"size":145.11524963378907,"orthographic":false}