{"cameraMode":{"drawMode":0,"name":"Shaded","section":"Shading Mode"},"sceneLighting":true,"audioPlay":false,"sceneViewState":{"showFog":true,"showMaterialUpdate":false,"showSkybox":false,"showFlares":true,"showImageEffects":true,"showParticleSystems":true},"in2DMode":false,"pivot":{"x":-0.321707546710968,"y":0.27490973472595217,"z":0.07064155489206314},"rotation":{"x":-0.2570447027683258,"y":0.3591538369655609,"z":-0.10359121859073639,"w":-0.8911823630332947},"size":1.827361822128296,"orthographic":false}